{"average_image_embedding": {"1": [0.3221586263286999], "2": [0.43417825020441536], "4": [0.45025892613791224], "8": [0.5295720904878713], "16": [0.6317797765058599], "32": [0.639956391387299], "-1": [0.687653311529027]}, "text_embedding": {"1": [0.8381030253475061], "2": [0.8381030253475061], "4": [0.8381030253475061], "8": [0.8381030253475061], "16": [0.8381030253475061], "32": [0.8381030253475061], "-1": [0.8381030253475061]}, "clip_linear_probe": {"1": [0.35050422458435543], "2": [0.5273916598528209], "4": [0.6339602071409103], "8": [0.7410738620877624], "16": [0.8097574270918506], "32": [0.8588171163804852], "-1": [0.8768056691196511]}}