{"weighted_image_and_text_embedding": {"1": [{"0.0": 0.8381030253475061, "0.05263157894736842": 0.4696102480239847, "0.10526315789473684": 0.42354865085854454, "0.15789473684210525": 0.40910329790133554, "0.21052631578947367": 0.40228945216680295, "0.2631578947368421": 0.3973834832379395, "0.3157894736842105": 0.39411283728536384, "0.3684210526315789": 0.39084219133278825, "0.42105263157894735": 0.389751976015263, "0.47368421052631576": 0.38893431452711913, "0.5263157894736842": 0.3883892068683565, "0.5789473684210527": 0.38702643772145, "0.631578947368421": 0.38675388389206866, "0.6842105263157894": 0.38648133006268737, "0.7368421052631579": 0.3862087762333061, "0.7894736842105263": 0.3853911147451622, "0.8421052631578947": 0.38457345325701825, "0.894736842105263": 0.38375579176887437, "0.9473684210526315": 0.38375579176887437, "1.0": 0.38375579176887437}], "2": [{"0.0": 0.8381030253475061, "0.05263157894736842": 0.5216680294358136, "0.10526315789473684": 0.4938675388389207, "0.15789473684210525": 0.4867811392750068, "0.21052631578947367": 0.4832379394930499, "0.2631578947368421": 0.4805124011992368, "0.3157894736842105": 0.4786045243935677, "0.3684210526315789": 0.4777868629054238, "0.42105263157894735": 0.47724175524666124, "0.47368421052631576": 0.4766966475878986, "0.5263157894736842": 0.476151539929136, "0.5789473684210527": 0.476151539929136, "0.631578947368421": 0.4758789860997547, "0.6842105263157894": 0.4756064322703734, "0.7368421052631579": 0.4753338784409921, "0.7894736842105263": 0.4753338784409921, "0.8421052631578947": 0.4753338784409921, "0.894736842105263": 0.4753338784409921, "0.9473684210526315": 0.47506132461161077, "1.0": 0.47506132461161077}], "4": [{"0.0": 0.8381030253475061, "0.05263157894736842": 0.6789315889888253, "0.10526315789473684": 0.6704824202780049, "0.15789473684210525": 0.666121559007904, "0.21052631578947367": 0.6658490051785227, "0.2631578947368421": 0.6644862360316163, "0.3157894736842105": 0.6631234668847097, "0.3684210526315789": 0.6631234668847097, "0.42105263157894735": 0.6631234668847097, "0.47368421052631576": 0.6628509130553284, "0.5263157894736842": 0.6625783592259471, "0.5789473684210527": 0.6625783592259471, "0.631578947368421": 0.6625783592259471, "0.6842105263157894": 0.6625783592259471, "0.7368421052631579": 0.6625783592259471, "0.7894736842105263": 0.6623058053965658, "0.8421052631578947": 0.6623058053965658, "0.894736842105263": 0.6623058053965658, "0.9473684210526315": 0.6623058053965658, "1.0": 0.6623058053965658}], "8": [{"0.0": 0.8381030253475061, "0.05263157894736842": 0.7367130008176614, "0.10526315789473684": 0.7301717089125103, "0.15789473684210525": 0.7288089397656037, "0.21052631578947367": 0.7282638321068411, "0.2631578947368421": 0.7282638321068411, "0.3157894736842105": 0.7277187244480785, "0.3684210526315789": 0.7277187244480785, "0.42105263157894735": 0.7277187244480785, "0.47368421052631576": 0.7277187244480785, "0.5263157894736842": 0.7277187244480785, "0.5789473684210527": 0.7277187244480785, "0.631578947368421": 0.7277187244480785, "0.6842105263157894": 0.7277187244480785, "0.7368421052631579": 0.7277187244480785, "0.7894736842105263": 0.7277187244480785, "0.8421052631578947": 0.7277187244480785, "0.894736842105263": 0.7277187244480785, "0.9473684210526315": 0.7277187244480785, "1.0": 0.7277187244480785}], "16": [{"0.0": 0.8381030253475061, "0.05263157894736842": 0.8173889343145271, "0.10526315789473684": 0.815481057508858, "0.15789473684210525": 0.8141182883619514, "0.21052631578947367": 0.8141182883619514, "0.2631578947368421": 0.8135731807031888, "0.3157894736842105": 0.8138457345325701, "0.3684210526315789": 0.8138457345325701, "0.42105263157894735": 0.8135731807031888, "0.47368421052631576": 0.8135731807031888, "0.5263157894736842": 0.8135731807031888, "0.5789473684210527": 0.8133006268738076, "0.631578947368421": 0.8135731807031888, "0.6842105263157894": 0.8135731807031888, "0.7368421052631579": 0.8133006268738076, "0.7894736842105263": 0.8135731807031888, "0.8421052631578947": 0.8130280730444263, "0.894736842105263": 0.8133006268738076, "0.9473684210526315": 0.8133006268738076, "1.0": 0.8133006268738076}], "32": [{"0.0": 0.8381030253475061, "0.05263157894736842": 0.866721177432543, "0.10526315789473684": 0.8661760697737804, "0.15789473684210525": 0.8659035159443991, "0.21052631578947367": 0.8659035159443991, "0.2631578947368421": 0.8659035159443991, "0.3157894736842105": 0.8659035159443991, "0.3684210526315789": 0.8659035159443991, "0.42105263157894735": 0.8659035159443991, "0.47368421052631576": 0.8656309621150177, "0.5263157894736842": 0.8656309621150177, "0.5789473684210527": 0.8656309621150177, "0.631578947368421": 0.8656309621150177, "0.6842105263157894": 0.8656309621150177, "0.7368421052631579": 0.8653584082856364, "0.7894736842105263": 0.8656309621150177, "0.8421052631578947": 0.8653584082856364, "0.894736842105263": 0.8653584082856364, "0.9473684210526315": 0.8653584082856364, "1.0": 0.8653584082856364}], "-1": [{"0.0": 0.8381030253475061, "0.05263157894736842": 0.8770782229490325, "0.10526315789473684": 0.8770782229490325, "0.15789473684210525": 0.8770782229490325, "0.21052631578947367": 0.8773507767784138, "0.2631578947368421": 0.8773507767784138, "0.3157894736842105": 0.8770782229490325, "0.3684210526315789": 0.8770782229490325, "0.42105263157894735": 0.8770782229490325, "0.47368421052631576": 0.8770782229490325, "0.5263157894736842": 0.8770782229490325, "0.5789473684210527": 0.8770782229490325, "0.631578947368421": 0.8770782229490325, "0.6842105263157894": 0.8770782229490325, "0.7368421052631579": 0.8770782229490325, "0.7894736842105263": 0.8770782229490325, "0.8421052631578947": 0.8770782229490325, "0.894736842105263": 0.8770782229490325, "0.9473684210526315": 0.8770782229490325, "1.0": 0.8770782229490325}]}, "nearest_image_embedding": {"1": [0.3491414554374489], "2": [0.37094576178795313], "4": [0.4826928318342873], "8": [0.5429272281275552], "16": [0.6020714091032979], "32": [0.6571272826383211], "-1": [0.6816571272826383]}}