{"nearest_image_embedding": {"-1": [0.6819296811120196]}, "average_image_embedding": {"-1": [0.687653311529027]}, "weighted_image_and_text_embedding": {"-1": [{"0.0": 0.8372853638593623, "0.05263157894736842": 0.8446443172526574, "0.10526315789473684": 0.8533660397928591, "0.15789473684210525": 0.8615426546742981, "0.21052631578947367": 0.8724448078495503, "0.2631578947368421": 0.8789860997547015, "0.3157894736842105": 0.8890705914418098, "0.3684210526315789": 0.8958844371763424, "0.42105263157894735": 0.901880621422731, "0.47368421052631576": 0.9056963750340692, "0.5263157894736842": 0.9059689288634505, "0.5789473684210527": 0.9040610520577814, "0.631578947368421": 0.901880621422731, "0.6842105263157894": 0.896429544835105, "0.7368421052631579": 0.8939765603706732, "0.7894736842105263": 0.8893431452711911, "0.8421052631578947": 0.8857999454892341, "0.894736842105263": 0.8828018533660398, "0.9473684210526315": 0.8776233306077951, "1.0": 0.8770782229490325}]}, "weighted_image_and_text_embedding_0_5": {"-1": [0.9065140365222132]}, "clip_linear_probe": {"-1": [0.8770782229490325]}}