{"weighted_image_and_text_embedding": {"1": [{"0.0": 0.8381030253475061, "0.05263157894736842": 0.4363586808394658, "0.10526315789473684": 0.39574816026165166, "0.15789473684210525": 0.38348323793949307, "0.21052631578947367": 0.3772144998637231, "0.2631578947368421": 0.37503406922867266, "0.3157894736842105": 0.3720359771054783, "0.3684210526315789": 0.3695829926410466, "0.42105263157894735": 0.36849277732352137, "0.47368421052631576": 0.3676751158353775, "0.5263157894736842": 0.3668574543472336, "0.5789473684210527": 0.3668574543472336, "0.631578947368421": 0.36603979285908966, "0.6842105263157894": 0.36576723902970837, "0.7368421052631579": 0.3654946852003271, "0.7894736842105263": 0.3654946852003271, "0.8421052631578947": 0.3652221313709458, "0.894736842105263": 0.3652221313709458, "0.9473684210526315": 0.3652221313709458, "1.0": 0.3649495775415645}], "2": [{"0.0": 0.8381030253475061, "0.05263157894736842": 0.5317525211229218, "0.10526315789473684": 0.5091305532842736, "0.15789473684210525": 0.5020441537203598, "0.21052631578947367": 0.49822840010902153, "0.2631578947368421": 0.4963205233033524, "0.3157894736842105": 0.4946852003270646, "0.3684210526315789": 0.4935949850095394, "0.42105263157894735": 0.4935949850095394, "0.47368421052631576": 0.4925047696920142, "0.5263157894736842": 0.4919596620332516, "0.5789473684210527": 0.4919596620332516, "0.631578947368421": 0.49114200054510765, "0.6842105263157894": 0.49086944671572635, "0.7368421052631579": 0.49059689288634506, "0.7894736842105263": 0.49032433905696376, "0.8421052631578947": 0.49059689288634506, "0.894736842105263": 0.49032433905696376, "0.9473684210526315": 0.4895066775688198, "1.0": 0.4895066775688198}], "4": [{"0.0": 0.8381030253475061, "0.05263157894736842": 0.6573998364677024, "0.10526315789473684": 0.6484055600981193, "0.15789473684210525": 0.646225129463069, "0.21052631578947367": 0.6443172526573998, "0.2631578947368421": 0.6434995911692559, "0.3157894736842105": 0.6434995911692559, "0.3684210526315789": 0.642681929681112, "0.42105263157894735": 0.642681929681112, "0.47368421052631576": 0.642681929681112, "0.5263157894736842": 0.642681929681112, "0.5789473684210527": 0.6424093758517307, "0.631578947368421": 0.642681929681112, "0.6842105263157894": 0.6421368220223495, "0.7368421052631579": 0.6421368220223495, "0.7894736842105263": 0.6421368220223495, "0.8421052631578947": 0.6421368220223495, "0.894736842105263": 0.6421368220223495, "0.9473684210526315": 0.6421368220223495, "1.0": 0.6421368220223495}], "8": [{"0.0": 0.8381030253475061, "0.05263157894736842": 0.7492504769692014, "0.10526315789473684": 0.7437994003815753, "0.15789473684210525": 0.7427091850640501, "0.21052631578947367": 0.7418915235759063, "0.2631578947368421": 0.741618969746525, "0.3157894736842105": 0.7410738620877624, "0.3684210526315789": 0.740801308258381, "0.42105263157894735": 0.7405287544289997, "0.47368421052631576": 0.7399836467702371, "0.5263157894736842": 0.7397110929408558, "0.5789473684210527": 0.7397110929408558, "0.631578947368421": 0.7394385391114745, "0.6842105263157894": 0.7394385391114745, "0.7368421052631579": 0.7394385391114745, "0.7894736842105263": 0.7394385391114745, "0.8421052631578947": 0.7394385391114745, "0.894736842105263": 0.7394385391114745, "0.9473684210526315": 0.7394385391114745, "1.0": 0.7394385391114745}], "16": [{"0.0": 0.8381030253475061, "0.05263157894736842": 0.8353774870536931, "0.10526315789473684": 0.8337421640774053, "0.15789473684210525": 0.833469610248024, "0.21052631578947367": 0.8337421640774053, "0.2631578947368421": 0.8337421640774053, "0.3157894736842105": 0.833469610248024, "0.3684210526315789": 0.833469610248024, "0.42105263157894735": 0.8329245025892614, "0.47368421052631576": 0.8329245025892614, "0.5263157894736842": 0.8329245025892614, "0.5789473684210527": 0.8329245025892614, "0.631578947368421": 0.8329245025892614, "0.6842105263157894": 0.8329245025892614, "0.7368421052631579": 0.8329245025892614, "0.7894736842105263": 0.8329245025892614, "0.8421052631578947": 0.8329245025892614, "0.894736842105263": 0.8329245025892614, "0.9473684210526315": 0.8329245025892614, "1.0": 0.8329245025892614}], "32": [{"0.0": 0.8381030253475061, "0.05263157894736842": 0.8593622240392478, "0.10526315789473684": 0.8588171163804852, "0.15789473684210525": 0.8585445625511039, "0.21052631578947367": 0.8582720087217225, "0.2631578947368421": 0.8579994548923412, "0.3157894736842105": 0.8579994548923412, "0.3684210526315789": 0.8579994548923412, "0.42105263157894735": 0.8579994548923412, "0.47368421052631576": 0.8579994548923412, "0.5263157894736842": 0.8579994548923412, "0.5789473684210527": 0.8579994548923412, "0.631578947368421": 0.8579994548923412, "0.6842105263157894": 0.8579994548923412, "0.7368421052631579": 0.8577269010629599, "0.7894736842105263": 0.8577269010629599, "0.8421052631578947": 0.8577269010629599, "0.894736842105263": 0.8577269010629599, "0.9473684210526315": 0.8577269010629599, "1.0": 0.8577269010629599}], "-1": [{"0.0": 0.8381030253475061, "0.05263157894736842": 0.8770782229490325, "0.10526315789473684": 0.8770782229490325, "0.15789473684210525": 0.8770782229490325, "0.21052631578947367": 0.8770782229490325, "0.2631578947368421": 0.8770782229490325, "0.3157894736842105": 0.8768056691196511, "0.3684210526315789": 0.8768056691196511, "0.42105263157894735": 0.8768056691196511, "0.47368421052631576": 0.8768056691196511, "0.5263157894736842": 0.8768056691196511, "0.5789473684210527": 0.8768056691196511, "0.631578947368421": 0.8768056691196511, "0.6842105263157894": 0.8768056691196511, "0.7368421052631579": 0.8768056691196511, "0.7894736842105263": 0.8768056691196511, "0.8421052631578947": 0.8768056691196511, "0.894736842105263": 0.8768056691196511, "0.9473684210526315": 0.8768056691196511, "1.0": 0.8768056691196511}]}}