{"linear_probe": {"1": [0.9724720632324885, 0.9692014172799128, 0.9354047424366312], "2": [0.9732897247206324, 0.9724720632324885, 0.9512128645407468], "4": [0.9667484328154811, 0.9727446170618698, 0.970291632597438], "6": [0.9721995094031071, 0.9724720632324885, 0.9732897247206324], "8": [0.9721995094031071, 0.9732897247206324, 0.9732897247206324], "16": [0.9721995094031071, 0.9716544017443445, 0.9721995094031071], "32": [0.9730171708912511, 0.9724720632324885, 0.9721995094031071], "-1": [0.9727446170618698, 0.9727446170618698, 0.9727446170618698]}}