{"average_image_embedding": {"1": [0.3675247524752475], "2": [0.4623102310231023], "4": [0.5174917491749175], "8": [0.6005940594059406], "16": [0.666930693069307], "32": [0.6982178217821782], "-1": [0.733069306930693]}, "text_embedding": {"1": [0.7980198019801981], "2": [0.7980198019801981], "4": [0.7980198019801981], "8": [0.7980198019801981], "16": [0.7980198019801981], "32": [0.7980198019801981], "-1": [0.7980198019801981]}, "clip_linear_probe": {"1": [0.3935973597359736], "2": [0.5291749174917492], "4": [0.6440924092409241], "8": [0.7184818481848185], "16": [0.7618481848184818], "32": [0.7906930693069307], "-1": [0.8414521452145215]}}