{"nearest_image_embedding": {"1": [0.34165016501650164, 0.36805280528052803, 0.36726072607260724], "2": [0.4531353135313531, 0.4324092409240924, 0.4412541254125413], "4": [0.4858085808580858, 0.5066006600660066, 0.4987458745874587], "8": [0.574983498349835, 0.5639603960396039, 0.5659405940594059], "16": [0.6001980198019802, 0.5937293729372938, 0.6045544554455445], "32": [0.6386798679867987, 0.6407260726072608, 0.6362376237623762], "-1": [0.7421122112211221]}, "average_image_embedding": {"1": [0.34204620462046204, 0.3677227722772277, 0.3673267326732673], "2": [0.46805280528052806, 0.4557095709570957, 0.4611881188118812], "4": [0.5293729372937294, 0.5413861386138614, 0.5351815181518151], "8": [0.6256105610561056, 0.6235643564356436, 0.6145214521452145], "16": [0.646930693069307, 0.6566996699669967, 0.646072607260726], "32": [0.6916831683168316, 0.6848844884488449, 0.6873927392739274], "-1": [0.7331353135313531]}, "weighted_image_and_text_embedding": {"1": [{"0.0": 0.7976897689768977, "0.05263157894736842": 0.7980198019801981, "0.10526315789473684": 0.7980858085808581, "0.15789473684210525": 0.7984158415841585, "0.21052631578947367": 0.7980858085808581, "0.2631578947368421": 0.7986798679867987, "0.3157894736842105": 0.7989438943894389, "0.3684210526315789": 0.7992739273927393, "0.42105263157894735": 0.7996039603960396, "0.47368421052631576": 0.7996039603960396, "0.5263157894736842": 0.8008580858085809, "0.5789473684210527": 0.8006600660066007, "0.631578947368421": 0.8008580858085809, "0.6842105263157894": 0.7992079207920793, "0.7368421052631579": 0.7959075907590759, "0.7894736842105263": 0.7864686468646864, "0.8421052631578947": 0.7689108910891089, "0.894736842105263": 0.7188778877887789, "0.9473684210526315": 0.5905610561056106, "1.0": 0.37524752475247525}, {"0.0": 0.7976897689768977, "0.05263157894736842": 0.7977557755775577, "0.10526315789473684": 0.7976237623762377, "0.15789473684210525": 0.7980858085808581, "0.21052631578947367": 0.7985478547854785, "0.2631578947368421": 0.7986138613861387, "0.3157894736842105": 0.7986138613861387, "0.3684210526315789": 0.7988778877887789, "0.42105263157894735": 0.7994719471947195, "0.47368421052631576": 0.7995379537953795, "0.5263157894736842": 0.7998679867986799, "0.5789473684210527": 0.7987458745874587, "0.631578947368421": 0.7987458745874587, "0.6842105263157894": 0.7973597359735973, "0.7368421052631579": 0.7946534653465347, "0.7894736842105263": 0.7868646864686468, "0.8421052631578947": 0.76996699669967, "0.894736842105263": 0.7213201320132013, "0.9473684210526315": 0.5955775577557756, "1.0": 0.38904290429042904}, {"0.0": 0.7976897689768977, "0.05263157894736842": 0.7978877887788779, "0.10526315789473684": 0.7980858085808581, "0.15789473684210525": 0.7980198019801981, "0.21052631578947367": 0.7980858085808581, "0.2631578947368421": 0.7987458745874587, "0.3157894736842105": 0.7988778877887789, "0.3684210526315789": 0.7984818481848185, "0.42105263157894735": 0.7988778877887789, "0.47368421052631576": 0.7993399339933993, "0.5263157894736842": 0.7989438943894389, "0.5789473684210527": 0.7993399339933993, "0.631578947368421": 0.799009900990099, "0.6842105263157894": 0.7977557755775577, "0.7368421052631579": 0.7932013201320132, "0.7894736842105263": 0.7856105610561056, "0.8421052631578947": 0.7661386138613862, "0.894736842105263": 0.7224422442244225, "0.9473684210526315": 0.6052145214521452, "1.0": 0.3957755775577558}], "2": [{"0.0": 0.7976897689768977, "0.05263157894736842": 0.7982178217821783, "0.10526315789473684": 0.7989438943894389, "0.15789473684210525": 0.7995379537953795, "0.21052631578947367": 0.8001320132013201, "0.2631578947368421": 0.7998679867986799, "0.3157894736842105": 0.8003960396039604, "0.3684210526315789": 0.8005940594059406, "0.42105263157894735": 0.8005280528052805, "0.47368421052631576": 0.800990099009901, "0.5263157894736842": 0.8009240924092409, "0.5789473684210527": 0.800990099009901, "0.631578947368421": 0.7991419141914191, "0.6842105263157894": 0.7933333333333333, "0.7368421052631579": 0.7867986798679868, "0.7894736842105263": 0.7726072607260726, "0.8421052631578947": 0.7466006600660066, "0.894736842105263": 0.7021122112211221, "0.9473684210526315": 0.6293729372937293, "1.0": 0.5391419141914191}, {"0.0": 0.7976897689768977, "0.05263157894736842": 0.7980858085808581, "0.10526315789473684": 0.7988118811881189, "0.15789473684210525": 0.7991419141914191, "0.21052631578947367": 0.7996699669966997, "0.2631578947368421": 0.8004620462046205, "0.3157894736842105": 0.8007260726072607, "0.3684210526315789": 0.8011881188118812, "0.42105263157894735": 0.8011881188118812, "0.47368421052631576": 0.8013201320132013, "0.5263157894736842": 0.8015841584158416, "0.5789473684210527": 0.7999339933993399, "0.631578947368421": 0.7975577557755775, "0.6842105263157894": 0.7931353135313531, "0.7368421052631579": 0.7852805280528052, "0.7894736842105263": 0.7676567656765677, "0.8421052631578947": 0.7392739273927392, "0.894736842105263": 0.6908250825082508, "0.9473684210526315": 0.6128052805280528, "1.0": 0.5205280528052806}, {"0.0": 0.7976897689768977, "0.05263157894736842": 0.7982178217821783, "0.10526315789473684": 0.7982838283828383, "0.15789473684210525": 0.7987458745874587, "0.21052631578947367": 0.7990759075907591, "0.2631578947368421": 0.7996039603960396, "0.3157894736842105": 0.7998019801980198, "0.3684210526315789": 0.7998019801980198, "0.42105263157894735": 0.7995379537953795, "0.47368421052631576": 0.7998019801980198, "0.5263157894736842": 0.7997359735973597, "0.5789473684210527": 0.7992739273927393, "0.631578947368421": 0.7966336633663367, "0.6842105263157894": 0.7931353135313531, "0.7368421052631579": 0.7853465346534654, "0.7894736842105263": 0.7726732673267327, "0.8421052631578947": 0.7487128712871287, "0.894736842105263": 0.7051485148514851, "0.9473684210526315": 0.6285148514851485, "1.0": 0.5363036303630363}], "4": [{"0.0": 0.7976897689768977, "0.05263157894736842": 0.7986138613861387, "0.10526315789473684": 0.7992079207920793, "0.15789473684210525": 0.8002640264026403, "0.21052631578947367": 0.8011881188118812, "0.2631578947368421": 0.8026402640264027, "0.3157894736842105": 0.8023762376237624, "0.3684210526315789": 0.8024422442244225, "0.42105263157894735": 0.8021122112211221, "0.47368421052631576": 0.8010561056105611, "0.5263157894736842": 0.8004620462046205, "0.5789473684210527": 0.7976237623762377, "0.631578947368421": 0.7940594059405941, "0.6842105263157894": 0.787062706270627, "0.7368421052631579": 0.7749174917491749, "0.7894736842105263": 0.7588778877887788, "0.8421052631578947": 0.736963696369637, "0.894736842105263": 0.7073927392739274, "0.9473684210526315": 0.6704290429042904, "1.0": 0.6287788778877887}, {"0.0": 0.7976897689768977, "0.05263157894736842": 0.7986138613861387, "0.10526315789473684": 0.7992739273927393, "0.15789473684210525": 0.7998019801980198, "0.21052631578947367": 0.8, "0.2631578947368421": 0.8003960396039604, "0.3157894736842105": 0.8005280528052805, "0.3684210526315789": 0.8015181518151815, "0.42105263157894735": 0.8017161716171617, "0.47368421052631576": 0.8012541254125413, "0.5263157894736842": 0.8005280528052805, "0.5789473684210527": 0.7978877887788779, "0.631578947368421": 0.7949174917491749, "0.6842105263157894": 0.7873927392739274, "0.7368421052631579": 0.7772277227722773, "0.7894736842105263": 0.7642244224422442, "0.8421052631578947": 0.7448844884488449, "0.894736842105263": 0.7143234323432344, "0.9473684210526315": 0.6796039603960397, "1.0": 0.6423762376237624}, {"0.0": 0.7976897689768977, "0.05263157894736842": 0.7991419141914191, "0.10526315789473684": 0.8000660066006601, "0.15789473684210525": 0.8011881188118812, "0.21052631578947367": 0.8023762376237624, "0.2631578947368421": 0.802046204620462, "0.3157894736842105": 0.8029042904290429, "0.3684210526315789": 0.8038943894389439, "0.42105263157894735": 0.8041584158415842, "0.47368421052631576": 0.8034323432343234, "0.5263157894736842": 0.803036303630363, "0.5789473684210527": 0.8011881188118812,