{"linear_probe": {"1": [0.9782178217821782, 0.9823102310231023, 0.9882508250825083], "2": [0.97993399339934, 0.9894389438943895, 0.9893069306930693], "4": [0.9878547854785479, 0.9889108910891089, 0.9895709570957095], "6": [0.9892409240924093, 0.9899009900990099, 0.9852805280528053], "8": [0.9877227722772277, 0.9884488448844885, 0.9891749174917491], "16": [0.9888448844884489, 0.9860726072607261, 0.9888448844884489], "32": [0.9891749174917491, 0.9898349834983499, 0.9893069306930693], "-1": [0.9895049504950495]}}