{"1": [0.3031, 0.3174, 0.3038], "2": [0.4346, 0.4352, 0.41490000000000005], "4": [0.5312, 0.5371, 0.5506], "8": [0.6146, 0.6088, 0.6134], "16": [0.67, 0.6675999999999999, 0.6679], "32": [0.7075, 0.7178999999999999, 0.7143], "-1": [0.7934, 0.794, 0.7935]}