{"params": {"data": "cifar100", "batch_size": 100, "clip_model": "ViT-B/32", "phrases_file": "configs/phrases/default.txt", "c_clip": 0, "c_resnet": 0}, "clip_zs": {"Top1": [61.370000000000005, 0.0], "Top5": 86.72}, "clip_lp": {"Top1": [79.082, 0.00017600000000005502]}, "resnet_lp": {"Top1": [65.05022222222223, 0.013069827160492787]}}