{"cross_entropy": {"1": 1.104, "2": 0.6759999999999999, "4": 0.8699999999999999, "8": 0.9099999999999999, "16": 0.7020000000000001, "32": 0.984, "-1": 49.538}, "clip": {"1": 0.992, "2": 0.7359999999999999, "4": 0.6439999999999999, "8": 0.5559999999999999, "16": 0.372, "32": 0.268, "-1": 67.05}}