{"1": [0.5970695970695971, 0.590964590964591, 0.568986568986569], "2": [0.7692307692307694, 0.7557997557997558, 0.783882783882784], "4": [0.8754578754578755, 0.8778998778998779, 0.8791208791208791], "8": [0.9279609279609279, 0.9242979242979242, 0.9255189255189255], "16": [0.9572649572649573, 0.9474969474969474, 0.9560439560439561], "-1": [0.9755799755799756, 0.9755799755799756, 0.9755799755799756]}