{"1": [0.40785478547854787, 0.36488448844884486, 0.41379537953795376], "2": [0.5444884488448845, 0.5207920792079208, 0.5074587458745875], "4": [0.653003300330033, 0.6333993399339934, 0.6387458745874588], "8": [0.7168976897689769, 0.7113531353135314, 0.7134653465346534], "16": [0.7579537953795381, 0.7558415841584158, 0.7530693069306931], "32": [0.7876567656765675, 0.7878547854785478, 0.7875247524752476], "-1": [0.8415841584158416, 0.8415181518151814, 0.8414521452145215]}