{"1": [0.3668574543472336, 0.35050422458435543, 0.39411283728536384], "2": [0.48105750885799947, 0.4990460615971654, 0.5421095666394112], "4": [0.639956391387299, 0.633687653311529, 0.648950667756882], "8": [0.7427091850640501, 0.7369855546470427, 0.7249931861542654], "16": [0.8184791496320524, 0.8236576723902971, 0.8288361951485418], "32": [0.8495502861815208, 0.8585445625511039, 0.8607249931861543], "-1": [0.8773507767784138, 0.8773507767784138, 0.8773507767784138]}