{"1": 62.27106227106227, "2": 76.36141636141636, "3": 83.16239316239317, "4": 86.43467643467643, "5": 88.80341880341882, "6": 91.01343101343102, "7": 92.02686202686202, "8": 92.51526251526252, "9": 92.96703296703298, "10": 93.2844932844933, "11": 93.79731379731379, "12": 94.07814407814408, "13": 94.65201465201466, "14": 94.84737484737482, "15": 94.81074481074481, "16": 95.64102564102564, "17": 95.48229548229548, "18": 95.60439560439562, "19": 95.66544566544567}