{"params": {"data": "flowers102", "batch_size": 100, "clip_model": "ViT-B/32", "phrases_file": "configs/phrases/flowers_simple.txt", "c_clip": 0, "c_resnet": 0}, "clip_zs": {"Top1": [62.515262515262506, 5.048709793414476e-29], "Top5": 82.17338217338217}, "clip_lp": {"Top1": [97.55799755799755, 0.0]}, "resnet_lp": {"Top1": [94.48107448107447, 0.018691456420393885]}}