{"cross_entropy": {"1": 23.913872989915507, "2": 32.0904878713546, "4": 42.68738075769964, "8": 54.07467974925048, "16": 63.17252657399837, "32": 68.67266285091304, "-1": 75.98800763150723}, "clip": {"1": 33.8075769964568, "2": 40.201689833742165, "4": 48.69446715726356, "8": 57.334423548650854, "16": 63.67947669664759, "32": 70.34069228672664, "-1": 74.24366312346689}}