{"1": 99.0990990990991, "2": 99.0990990990991, "4": 99.0990990990991, "8": 99.0990990990991, "16": 99.0990990990991, "-1": 99.0990990990991}