{"random_image_embedding": {"1": [0.0068], "2": [0.0114], "4": [0.0044], "8": [0.0076], "16": [0.0072], "32": [0.0134]}, "random_image_embedding_from_class": {"1": [0.2662, 0.2643, 0.2684, 0.2824, 0.271], "2": [0.3156, 0.2937, 0.2666, 0.2604, 0.2584], "4": [0.2962, 0.2843, 0.2851, 0.2954, 0.2954], "8": [0.3131, 0.2933, 0.2886, 0.3119, 0.2699], "16": [0.2609, 0.2863, 0.2859, 0.2787, 0.2868], "32": [0.2472, 0.281, 0.2742, 0.2721, 0.2836]}, "nearest_image_embedding": {"1": [0.2656, 0.264, 0.2688, 0.2817, 0.2698], "2": [0.3674, 0.3456, 0.3348, 0.3312, 0.3426], "4": [0.4131, 0.4114, 0.4155, 0.4124, 0.4222], "8": [0.4742, 0.4642, 0.4461, 0.4598, 0.4724], "16": [0.512, 0.4923, 0.5082, 0.4964, 0.5054], "32": [0.5385, 0.539, 0.5342, 0.5393, 0.5437]}, "average_image_embedding": {"1": [0.266, 0.2641, 0.2681, 0.2823, 0.2705], "2": [0.363, 0.3403, 0.3559, 0.3346, 0.342], "4": [0.4374, 0.4185, 0.4329, 0.4503, 0.4475], "8": [0.5145, 0.4756, 0.4563, 0.4959, 0.4712], "16": [0.5323, 0.5135, 0.5327, 0.527, 0.5143], "32": [0.553, 0.5656, 0.5611, 0.5535, 0.5639]}, "weighted_image_and_text_embedding": {"1": [{"0.0": 0.6255, "0.05263157894736842": 0.6275, "0.10526315789473684": 0.627, "0.15789473684210525": 0.6285, "0.21052631578947367": 0.6291, "0.2631578947368421": 0.6305, "0.3157894736842105": 0.6308, "0.3684210526315789": 0.6305, "0.42105263157894735": 0.6287, "0.47368421052631576": 0.6269, "0.5263157894736842": 0.6228, "0.5789473684210527": 0.6178, "0.631578947368421": 0.609, "0.6842105263157894": 0.5974, "0.7368421052631579": 0.5805, "0.7894736842105263": 0.5587, "0.8421052631578947": 0.5219, "0.894736842105263": 0.4726, "0.9473684210526315": 0.3948, "1.0": 0.3049}, {"0.0": 0.6255, "0.05263157894736842": 0.627, "0.10526315789473684": 0.6287, "0.15789473684210525": 0.6304, "0.21052631578947367": 0.6313, "0.2631578947368421": 0.6308, "0.3157894736842105": 0.6289, "0.3684210526315789": 0.6283, "0.42105263157894735": 0.6262, "0.47368421052631576": 0.6218, "0.5263157894736842": 0.6185, "0.5789473684210527": 0.6119, "0.631578947368421": 0.6026, "0.6842105263157894": 0.5909, "0.7368421052631579": 0.5713, "0.7894736842105263": 0.5446, "0.8421052631578947": 0.511, "0.894736842105263": 0.4595, "0.9473684210526315": 0.3879, "1.0": 0.3003}, {"0.0": 0.6255, "0.05263157894736842": 0.6273, "0.10526315789473684": 0.6284, "0.15789473684210525": 0.63, "0.21052631578947367": 0.6312, "0.2631578947368421": 0.6316, "0.3157894736842105": 0.6308, "0.3684210526315789": 0.6309, "0.42105263157894735": 0.6299, "0.47368421052631576": 0.6275, "0.5263157894736842": 0.6211, "0.5789473684210527": 0.6158, "0.631578947368421": 0.6076, "0.6842105263157894": 0.5964, "0.7368421052631579": 0.5803, "0.7894736842105263": 0.5578, "0.8421052631578947": 0.5253, "0.894736842105263": 0.471, "0.9473684210526315": 0.3977, "1.0": 0.3116}, {"0.0": 0.6255, "0.05263157894736842": 0.628, "0.10526315789473684": 0.6298, "0.15789473684210525": 0.6322, "0.21052631578947367": 0.6337, "0.2631578947368421": 0.6355, "0.3157894736842105": 0.6343, "0.3684210526315789": 0.6329, "0.42105263157894735": 0.6309, "0.47368421052631576": 0.6278, "0.5263157894736842": 0.6231, "0.5789473684210527": 0.6196, "0.631578947368421": 0.613, "0.6842105263157894": 0.6023, "0.7368421052631579": 0.5859, "0.7894736842105263": 0.5636, "0.8421052631578947": 0.5335, "0.894736842105263": 0.4848, "0.9473684210526315": 0.4051, "1.0": 0.3199}, {"0.0": 0.6255, "0.05263157894736842": 0.6275, "0.10526315789473684": 0.6282, "0.15789473684210525": 0.6285, "0.21052631578947367": 0.6281, "0.2631578947368421": 0.6275, "0.3157894736842105": 0.6271, "0.3684210526315789": 0.6268, "0.42105263157894735": 0.6242, "0.47368421052631576": 0.6189, "0.5263157894736842": 0.6168, "0.5789473684210527": 0.6104, "0.631578947368421": 0.6026, "0.6842105263157894": 0.5924, "0.7368421052631579": 0.5795, "0.7894736842105263": 0.5582, "0.8421052631578947": 0.5302, "0.894736842105263": 0.4826, "0.9473684210526315": 0.4038, "1.0": 0.3093}], "2": [{"0.0": 0.6255, "0.05263157894736842": 0.6299, "0.10526315789473684": 0.6351, "0.15789473684210525": 0.6382, "0.21052631578947367": 0.6385, "0.2631578947368421": 0.6398, "0.3157894736842105": 0.6407, "0.3684210526315789": 0.6398, "0.42105263157894735": 0.6363, "0.47368421052631576": 0.6325, "0.5263157894736842": 0.6267, "0.5789473684210527": 0.621, "0.631578947368421": 0.6125, "0.6842105263157894": 0.6014, "0.7368421052631579": 0.5875, "0.7894736842105263": 0.5685, "0.8421052631578947": 0.5446, "0.894736842105263": 0.5147, "0.9473684210526315": 0.4794, "1.0": 0.4436}, {"0.0": 0.6255, "0.05263157894736842": 0.6297, "0.10526315789473684": 0.6333, "0.15789473684210525": 0.6371, "0.21052631578947367": 0.6384, "0.2631578947368421": 0.6388, "0.3157894736842105": 0.6382, "0.3684210526315789": 0.6382, "0.42105263157894735": 0.6371, "0.47368421052631576": 0.6328, "0.5263157894736842": 0.6259, "0.5789473684210527": 0.6205, "0.631578947368421": 0.6115, "0.6842105263157894": 0.5987, "0.7368421052631579": 0.5832, "0.7894736842105263": 0.5605, "0.8421052631578947": 0.5333, "0.894736842105263": 0.5006, "0.9473684210526315": 0.4633, "1.0": 0.4286}, {"0.0": 0.6255, "0.05263157894736842": 0.6297, "0.10526315789473684": 0.6328, "0.15789473684210525": 0.6366, "0.21052631578947367": 0.6381, "0.2631578947368421": 0.6402, "0.3157894736842105": 0.6419, "0.3684210526315789": 0.6403, "0.42105263157894735": 0.6382, "0.47368421052631576": 0.6353, "0.5263157894736842": 0.6285, "0.5789473684210527": 0.6206, "0.631578947368421": 0.612, "0.6842105263157894": 0.5995, "0.7368421052631579": 0.5829, "0.7894736842105263": 0.5645, "0.8421052631578947": 0.5391, "0.894736842105263": 0.5038, "0.9473684210526315": 0.462, "1.0": 0.4201}, {"0.0": 0.6255, "0.05263157894736842": 0.6288, "0.10526315789473684": 0.6326, "0.15789473684210525": 0.6344, "0.21052631578947367": 0.6357, "0.2631578947368421": 0.637, "0.3157894736842105": 0.6364, "0.3684210526315789": 0.6361, "0.42105263157894735": 0.6349, "0.47368421052631576": 0.6328, "0.5263157894736842": 0.627, "0.5789473684210527": 0.6201, "0.631578947368421": 0.609, "0.6842105263157894": 0.5963, "0.7368421052631579": 0.5808, "0.7894736842105263": 0.5595, "0.8421052631578947": 0.5346, "0.894736842105263": 0.5006, "0.9473684210526315": 0.4607, "1.0": 0.4195}, {"0.0": 0.6255, "0.05263157894736842": 0.6307, "0.10526315789473684": 0.634, "0.15789473684210525": 0.6365, "0.21052631578947367": 0.6394, "0.2631578947368421": 0.6423, "0.3157894736842105": 0.6408, "0.3684210526315789": 0.6431, "0.42105263157894735": 0.6406, "0.47368421052631576": 0.6387, "0.5263157894736842": 0.6336, "0.5789473684210527": 0.6262, "0.631578947368421": 0.6169, "0.6842105263157894": 0.6054, "0.7368421052631579": 0.5888, "0.7894736842105263": 0.5695, "0.8421052631578947": 0.5408, "0.894736842105263": 0.5072, "0.9473684210526315": 0.4671, "1.0": 0.4318}], "4": [{"0.0": 0.6255, "0.05263157894736842": 0.636, "0.10526315789473684": 0.6437, "0.15789473684210525": 0.6505, "0.21052631578947367": 0.6549, "0.2631578947368421": 0.6589, "0.3157894736842105": 0.6624, "0.3684210526315789": 0.664, "0.42105263157894735": 0.6631, "0.47368421052631576": 0.6608, "0.5263157894736842": 0.6595, "0.5789473684210527": 0.6535, "0.631578947368421": 0.6475, "0.6842105263157894": 0.6369, "0.7368421052631579": 0.6224, "0.7894736842105263": 0.6108, "0.8421052631578947": 0.5979, "0.894736842105263": 0.5816, "0.9473684210526315": 0.5671, "1.0": 0.5518}, {"0.0": 0.6255, "0.05263157894736842": 0.6369, "0.10526315789473684": 0.6442, "0.15789473684210525": 0.6507, "0.21052631578947367": 0.6577, "0.2631578947368421": 0.6607, "0.3157894736842105": 0.6625, "0.3684210526315789": 0.6615, "0.42105263157894735": 0.6575, "0.47368421052631576": 0.6517, "0.5263157894736842": 0.6468, "0.5789473684210527": 0.6424, "0.631578947368421": 0.6355, "0.6842105263157894": 0.6249, "0.7368421052631579": 0.615, "0.7894736842105263": 0.6008, "0.8421052631578947": 0.585, "0.894736842105263": 0.5712, "0.9473684210526315": 0.5548,