{"nearest_image_embedding": {"-1": [0.6672]}, "average_image_embedding": {"-1": [0.5989]}, "weighted_image_and_text_embedding": {"-1": [{"0.0": 0.6248, "0.05263157894736842": 0.6859, "0.10526315789473684": 0.728, "0.15789473684210525": 0.7531, "0.21052631578947367": 0.7699, "0.2631578947368421": 0.7819, "0.3157894736842105": 0.7874, "0.3684210526315789": 0.7915, "0.42105263157894735": 0.7944, "0.47368421052631576": 0.7951, "0.5263157894736842": 0.7942, "0.5789473684210527": 0.7939, "0.631578947368421": 0.7947, "0.6842105263157894": 0.7944, "0.7368421052631579": 0.795, "0.7894736842105263": 0.7955, "0.8421052631578947": 0.7946, "0.894736842105263": 0.7942, "0.9473684210526315": 0.7941, "1.0": 0.7938}]}, "weighted_image_and_text_embedding_0_5": {"-1": [0.795]}, "clip_linear_probe": {"-1": [0.7935]}}