{"weighted_image_and_text_embedding": {"1": [{"0.0": 0.6235, "0.05263157894736842": 0.3498, "0.10526315789473684": 0.3386, "0.15789473684210525": 0.3352, "0.21052631578947367": 0.3332, "0.2631578947368421": 0.3316, "0.3157894736842105": 0.3309, "0.3684210526315789": 0.3302, "0.42105263157894735": 0.3302, "0.47368421052631576": 0.33, "0.5263157894736842": 0.3297, "0.5789473684210527": 0.3293, "0.631578947368421": 0.3293, "0.6842105263157894": 0.3291, "0.7368421052631579": 0.3291, "0.7894736842105263": 0.3291, "0.8421052631578947": 0.3292, "0.894736842105263": 0.3291, "0.9473684210526315": 0.329, "1.0": 0.329}], "2": [{"0.0": 0.6235, "0.05263157894736842": 0.4461, "0.10526315789473684": 0.44, "0.15789473684210525": 0.4379, "0.21052631578947367": 0.4371, "0.2631578947368421": 0.4362, "0.3157894736842105": 0.4359, "0.3684210526315789": 0.4356, "0.42105263157894735": 0.4354, "0.47368421052631576": 0.4353, "0.5263157894736842": 0.4353, "0.5789473684210527": 0.4353, "0.631578947368421": 0.4353, "0.6842105263157894": 0.4352, "0.7368421052631579": 0.4351, "0.7894736842105263": 0.4351, "0.8421052631578947": 0.4351, "0.894736842105263": 0.4351, "0.9473684210526315": 0.4351, "1.0": 0.4351}], "4": [{"0.0": 0.6235, "0.05263157894736842": 0.54, "0.10526315789473684": 0.5373, "0.15789473684210525": 0.5371, "0.21052631578947367": 0.5365, "0.2631578947368421": 0.5365, "0.3157894736842105": 0.5362, "0.3684210526315789": 0.536, "0.42105263157894735": 0.536, "0.47368421052631576": 0.5359, "0.5263157894736842": 0.5359, "0.5789473684210527": 0.5359, "0.631578947368421": 0.5359, "0.6842105263157894": 0.536, "0.7368421052631579": 0.5359, "0.7894736842105263": 0.5359, "0.8421052631578947": 0.5358, "0.894736842105263": 0.5359, "0.9473684210526315": 0.5356, "1.0": 0.5356}], "8": [{"0.0": 0.6235, "0.05263157894736842": 0.6061, "0.10526315789473684": 0.605, "0.15789473684210525": 0.6045, "0.21052631578947367": 0.6043, "0.2631578947368421": 0.6038, "0.3157894736842105": 0.6037, "0.3684210526315789": 0.6037, "0.42105263157894735": 0.6038, "0.47368421052631576": 0.6037, "0.5263157894736842": 0.6037, "0.5789473684210527": 0.6037, "0.631578947368421": 0.6035, "0.6842105263157894": 0.6036, "0.7368421052631579": 0.6036, "0.7894736842105263": 0.6035, "0.8421052631578947": 0.6036, "0.894736842105263": 0.6037, "0.9473684210526315": 0.6035, "1.0": 0.6035}], "16": [{"0.0": 0.6235, "0.05263157894736842": 0.6744, "0.10526315789473684": 0.6739, "0.15789473684210525": 0.6736, "0.21052631578947367": 0.6735, "0.2631578947368421": 0.6735, "0.3157894736842105": 0.6735, "0.3684210526315789": 0.6735, "0.42105263157894735": 0.6735, "0.47368421052631576": 0.6735, "0.5263157894736842": 0.6735, "0.5789473684210527": 0.6735, "0.631578947368421": 0.6736, "0.6842105263157894": 0.6735, "0.7368421052631579": 0.6736, "0.7894736842105263": 0.6735, "0.8421052631578947": 0.6736, "0.894736842105263": 0.6736, "0.9473684210526315": 0.6736, "1.0": 0.6736}], "32": [{"0.0": 0.6235, "0.05263157894736842": 0.7027, "0.10526315789473684": 0.7023, "0.15789473684210525": 0.7022, "0.21052631578947367": 0.702, "0.2631578947368421": 0.702, "0.3157894736842105": 0.702, "0.3684210526315789": 0.702, "0.42105263157894735": 0.702, "0.47368421052631576": 0.702, "0.5263157894736842": 0.702, "0.5789473684210527": 0.702, "0.631578947368421": 0.702, "0.6842105263157894": 0.702, "0.7368421052631579": 0.702, "0.7894736842105263": 0.702, "0.8421052631578947": 0.702, "0.894736842105263": 0.702, "0.9473684210526315": 0.702, "1.0": 0.702}], "-1": [{"0.0": 0.6235, "0.05263157894736842": 0.7941, "0.10526315789473684": 0.794, "0.15789473684210525": 0.7938, "0.21052631578947367": 0.7938, "0.2631578947368421": 0.7938, "0.3157894736842105": 0.7938, "0.3684210526315789": 0.7938, "0.42105263157894735": 0.7938, "0.47368421052631576": 0.7938, "0.5263157894736842": 0.7938, "0.5789473684210527": 0.7938, "0.631578947368421": 0.7938, "0.6842105263157894": 0.7938, "0.7368421052631579": 0.7938, "0.7894736842105263": 0.7938, "0.8421052631578947": 0.7938, "0.894736842105263": 0.7938, "0.9473684210526315": 0.7938, "1.0": 0.7938}]}}