{"average_image_embedding": {"1": [0.5848595848595849], "2": [0.6898656898656899], "4": [0.7606837606837606], "8": [0.8290598290598291], "16": [0.8278388278388278], "32": [], "-1": [0.8437118437118437]}, "text_embedding": {"1": [0.6202686202686203], "2": [0.6202686202686203], "4": [0.6202686202686203], "8": [0.6202686202686203], "16": [0.6202686202686203], "32": [], "-1": [0.6202686202686203]}, "clip_linear_probe": {"1": [0.6141636141636142], "2": [0.778998778998779], "4": [0.8583638583638583], "8": [0.9267399267399268], "16": [0.9523809523809523], "32": [], "-1": [0.9755799755799756]}}