{"nearest_image_embedding": {"-1": [0.9316239316239316]}, "average_image_embedding": {"-1": [0.8449328449328449]}, "weighted_image_and_text_embedding": {"-1": [{"0.0": 0.6239316239316239, "0.05263157894736842": 0.6483516483516484, "0.10526315789473684": 0.684981684981685, "0.15789473684210525": 0.7313797313797313, "0.21052631578947367": 0.7863247863247863, "0.2631578947368421": 0.8424908424908425, "0.3157894736842105": 0.8876678876678876, "0.3684210526315789": 0.9267399267399268, "0.42105263157894735": 0.9548229548229549, "0.47368421052631576": 0.9645909645909646, "0.5263157894736842": 0.9694749694749695, "0.5789473684210527": 0.9731379731379731, "0.631578947368421": 0.9719169719169719, "0.6842105263157894": 0.9719169719169719, "0.7368421052631579": 0.9743589743589743, "0.7894736842105263": 0.9755799755799756, "0.8421052631578947": 0.9755799755799756, "0.894736842105263": 0.9768009768009768, "0.9473684210526315": 0.9755799755799756, "1.0": 0.9755799755799756}]}, "weighted_image_and_text_embedding_0_5": {"-1": [0.9694749694749695]}, "clip_linear_probe": {"-1": [0.9755799755799756]}}