{"weighted_image_and_text_embedding": {"1": [{"0.0": 0.6202686202686203, "0.05263157894736842": 0.6703296703296703, "0.10526315789473684": 0.6617826617826618, "0.15789473684210525": 0.6581196581196581, "0.21052631578947367": 0.6544566544566545, "0.2631578947368421": 0.6532356532356532, "0.3157894736842105": 0.6532356532356532, "0.3684210526315789": 0.6532356532356532, "0.42105263157894735": 0.652014652014652, "0.47368421052631576": 0.6507936507936508, "0.5263157894736842": 0.6507936507936508, "0.5789473684210527": 0.6507936507936508, "0.631578947368421": 0.652014652014652, "0.6842105263157894": 0.652014652014652, "0.7368421052631579": 0.652014652014652, "0.7894736842105263": 0.652014652014652, "0.8421052631578947": 0.652014652014652, "0.894736842105263": 0.652014652014652, "0.9473684210526315": 0.652014652014652, "1.0": 0.652014652014652}], "2": [{"0.0": 0.6202686202686203, "0.05263157894736842": 0.7997557997557998, "0.10526315789473684": 0.7948717948717948, "0.15789473684210525": 0.7948717948717948, "0.21052631578947367": 0.7948717948717948, "0.2631578947368421": 0.7948717948717948, "0.3157894736842105": 0.7948717948717948, "0.3684210526315789": 0.7948717948717948, "0.42105263157894735": 0.7948717948717948, "0.47368421052631576": 0.7936507936507936, "0.5263157894736842": 0.7936507936507936, "0.5789473684210527": 0.7936507936507936, "0.631578947368421": 0.7936507936507936, "0.6842105263157894": 0.7936507936507936, "0.7368421052631579": 0.7936507936507936, "0.7894736842105263": 0.7936507936507936, "0.8421052631578947": 0.7936507936507936, "0.894736842105263": 0.7936507936507936, "0.9473684210526315": 0.7936507936507936, "1.0": 0.7936507936507936}], "4": [{"0.0": 0.6202686202686203, "0.05263157894736842": 0.8864468864468864, "0.10526315789473684": 0.8864468864468864, "0.15789473684210525": 0.8864468864468864, "0.21052631578947367": 0.8864468864468864, "0.2631578947368421": 0.8864468864468864, "0.3157894736842105": 0.8864468864468864, "0.3684210526315789": 0.8864468864468864, "0.42105263157894735": 0.8864468864468864, "0.47368421052631576": 0.8864468864468864, "0.5263157894736842": 0.8864468864468864, "0.5789473684210527": 0.8852258852258852, "0.631578947368421": 0.8864468864468864, "0.6842105263157894": 0.8852258852258852, "0.7368421052631579": 0.8852258852258852, "0.7894736842105263": 0.8852258852258852, "0.8421052631578947": 0.8852258852258852, "0.894736842105263": 0.8852258852258852, "0.9473684210526315": 0.8852258852258852, "1.0": 0.8852258852258852}], "8": [{"0.0": 0.6202686202686203, "0.05263157894736842": 0.9218559218559218, "0.10526315789473684": 0.9218559218559218, "0.15789473684210525": 0.9206349206349206, "0.21052631578947367": 0.9206349206349206, "0.2631578947368421": 0.9206349206349206, "0.3157894736842105": 0.9206349206349206, "0.3684210526315789": 0.9206349206349206, "0.42105263157894735": 0.9206349206349206, "0.47368421052631576": 0.9206349206349206, "0.5263157894736842": 0.9206349206349206, "0.5789473684210527": 0.9206349206349206, "0.631578947368421": 0.9206349206349206, "0.6842105263157894": 0.9206349206349206, "0.7368421052631579": 0.9206349206349206, "0.7894736842105263": 0.9206349206349206, "0.8421052631578947": 0.9206349206349206, "0.894736842105263": 0.9206349206349206, "0.9473684210526315": 0.9206349206349206, "1.0": 0.9206349206349206}], "16": [{"0.0": 0.6202686202686203, "0.05263157894736842": 0.9536019536019537, "0.10526315789473684": 0.9536019536019537, "0.15789473684210525": 0.9536019536019537, "0.21052631578947367": 0.9536019536019537, "0.2631578947368421": 0.9536019536019537, "0.3157894736842105": 0.9536019536019537, "0.3684210526315789": 0.9536019536019537, "0.42105263157894735": 0.9536019536019537, "0.47368421052631576": 0.9536019536019537, "0.5263157894736842": 0.9536019536019537, "0.5789473684210527": 0.9536019536019537, "0.631578947368421": 0.9536019536019537, "0.6842105263157894": 0.9536019536019537, "0.7368421052631579": 0.9536019536019537, "0.7894736842105263": 0.9536019536019537, "0.8421052631578947": 0.9536019536019537, "0.894736842105263": 0.9536019536019537, "0.9473684210526315": 0.9536019536019537, "1.0": 0.9536019536019537}], "32": [], "-1": [{"0.0": 0.6202686202686203, "0.05263157894736842": 0.9755799755799756, "0.10526315789473684": 0.9755799755799756, "0.15789473684210525": 0.9755799755799756, "0.21052631578947367": 0.9755799755799756, "0.2631578947368421": 0.9755799755799756, "0.3157894736842105": 0.9755799755799756, "0.3684210526315789": 0.9755799755799756, "0.42105263157894735": 0.9755799755799756, "0.47368421052631576": 0.9755799755799756, "0.5263157894736842": 0.9755799755799756, "0.5789473684210527": 0.9755799755799756, "0.631578947368421": 0.9755799755799756, "0.6842105263157894": 0.9755799755799756, "0.7368421052631579": 0.9755799755799756, "0.7894736842105263": 0.9755799755799756, "0.8421052631578947": 0.9755799755799756, "0.894736842105263": 0.9755799755799756, "0.9473684210526315": 0.9755799755799756, "1.0": 0.9755799755799756}]}, "nearest_image_embedding": {"1": [0.6312576312576312], "2": [0.7374847374847375], "4": [0.7692307692307693], "8": [0.8302808302808303], "16": [0.8669108669108669], "32": [], "-1": [0.9316239316239316]}}