{"weighted_image_and_text_embedding": {"4": [{"0.0": 0.6251526251526252, "0.05263157894736842": 0.6312576312576312, "0.10526315789473684": 0.6434676434676435, "0.15789473684210525": 0.6605616605616605, "0.21052631578947367": 0.6788766788766789, "0.2631578947368421": 0.7008547008547008, "0.3157894736842105": 0.7313797313797313, "0.3684210526315789": 0.7667887667887668, "0.42105263157894735": 0.7973137973137974, "0.47368421052631576": 0.8192918192918193, "0.5263157894736842": 0.8437118437118437, "0.5789473684210527": 0.8632478632478633, "0.631578947368421": 0.8864468864468864, "0.6842105263157894": 0.8937728937728938, "0.7368421052631579": 0.8901098901098901, "0.7894736842105263": 0.8925518925518926, "0.8421052631578947": 0.8888888888888888, "0.894736842105263": 0.8888888888888888, "0.9473684210526315": 0.884004884004884, "1.0": 0.8693528693528694}]}}