{"linear_probe": {"1": [0.9841269841269841, 0.9841269841269841, 0.9926739926739927], "2": [0.9926739926739927, 0.9841269841269841, 0.9914529914529915], "4": [0.9914529914529915, 0.989010989010989, 0.9902319902319903], "6": [0.9926739926739927, 0.989010989010989, 0.9902319902319903], "8": [0.9938949938949939, 0.9926739926739927, 0.9926739926739927], "16": [0.9902319902319903, 0.9926739926739927, 0.9914529914529915], "32": [], "-1": [0.9938949938949939, 0.9938949938949939, 0.9938949938949939]}}