{"linear_probe": {"1": [0.9914529914529915, 0.9914529914529915, 0.989010989010989], "2": [0.9914529914529915, 0.9914529914529915, 0.9829059829059829], "4": [0.989010989010989, 0.9926739926739927, 0.9902319902319903], "6": [0.9926739926739927, 0.9914529914529915, 0.9938949938949939], "8": [0.9926739926739927, 0.9914529914529915, 0.9938949938949939], "16": [0.9926739926739927, 0.989010989010989, 0.9926739926739927], "32": [], "-1": [0.9938949938949939]}}